{
    "plugins": [
        "plugins/markdown"
    ],
    "recurseDepth": 10,
    "opts": {
        "template": "node_modules/docdash",
        "destination": "./docs/",
        "recurse": true
    },
    "source": {
        "include": [
            "./",
            "README.md"
        ],
        "includePattern": ".+\\.js(doc|x)?$",
        "excludePattern": "node_modules"
    },
    "sourceType": "module",
    "tags": {
        "allowUnknownTags": true,
        "dictionaries": [
            "jsdoc",
            "closure"
        ]
    },
    "templates": {
        "cleverLinks": true,
        "monospaceLinks": false
    },
    "docdash": {
        "sort": true,
        "search": true,
        "collapse": false
    }
}