input_channel,filter,value#0,value#1,value#2,value#3,value#4,value#5,value#6,value#7,value#8,value#9,value#10,value#11,value#12,value#13,value#14,value#15,value#16,value#17,value#18,value#19,value#20,value#21,value#22,value#23,value#24,value#25,value#26
0.0,0.0,0.03592941537499428,-0.0020045298151671886,0.5464021563529968,3.460806131362915,4.206482887268066,1.730434775352478,0.03055529296398163,-0.041213106364011765,-0.9172310829162598,2.4391748905181885,2.400162696838379,-0.19308066368103027,0.6003103256225586,4.297287464141846,2.4847710132598877,-1.1740504503250122,-5.10418701171875,-2.392069101333618,5.218552112579346,8.230070114135742,4.985069751739502,1.6201708316802979,-0.7761896848678589,-4.557767391204834,-6.052021026611328,-1.46499764919281,0.058243367820978165
0.0,1.0,1.9533207416534424,1.9639992713928223,1.623063087463379,1.1162854433059692,-0.23221521079540253,0.41869640350341797,0.5532850623130798,0.4112899899482727,0.4567517042160034,0.5329216718673706,-0.27286967635154724,0.9539639949798584,0.8319652676582336,-0.15170378983020782,0.15894120931625366,0.9502745270729065,1.3330260515213013,0.9669544696807861,0.3302289843559265,-0.24889801442623138,0.3162040710449219,0.47104203701019287,1.4055562019348145,1.891920566558838,2.41491961479187,2.723440647125244,3.4756245613098145
0.0,2.0,0.0,0.0,0.0,0.0,0.0,0.0,0.0,0.0,0.0,0.0,0.0,0.0,0.0,0.0,0.0,0.0,0.0,0.0,0.0,0.0,0.0,0.0,0.0,0.0,0.0,0.0,0.0
0.0,3.0,3.429553747177124,3.3428568840026855,3.1050801277160645,2.1214044094085693,1.1620683670043945,0.11217795312404633,0.15015719830989838,0.8719251751899719,0.9319599866867065,1.0373796224594116,1.3818084001541138,0.4052932560443878,1.3478440046310425,2.031212091445923,0.3028928339481354,0.8112033605575562,2.6409850120544434,4.53366756439209,3.5855214595794678,0.37682321667671204,0.0,0.4311956465244293,0.9255374073982239,4.111670017242432,5.890444755554199,8.760690689086914,5.799571514129639
0.0,4.0,3.0826053619384766,2.9270827770233154,2.0528922080993652,1.285423994064331,0.7691399455070496,-0.1967533379793167,-0.2924967408180237,-0.046361248940229416,0.0,1.0339384078979492,0.8936459422111511,-0.19870968163013458,0.6729481816291809,1.2022088766098022,0.19455672800540924,-0.2521897256374359,0.30473899841308594,1.2894831895828247,2.21500825881958,1.9474958181381226,0.1972665786743164,-0.4642374813556671,-0.14198359847068787,0.0,4.389515399932861,6.017826080322266,5.8369140625
0.0,5.0,0.0,0.0,0.0,0.5906457304954529,3.3572072982788086,4.4823899269104,2.3068532943725586,1.1432416439056396,0.9081096649169922,0.906920850276947,3.0034027099609375,3.6067745685577393,0.2199556529521942,2.190112829208374,5.6384124755859375,3.7132160663604736,-0.4099997580051422,-3.590453863143921,-0.7487958669662476,6.119623184204102,8.942502975463867,6.318041801452637,3.3752334117889404,1.0738508701324463,-3.4619064331054688,-4.010251045227051,-0.3699158728122711
0.0,6.0,5.282686233520508,4.794450759887695,3.885965585708618,2.3160719871520996,1.2491512298583984,0.5464069247245789,0.26523077487945557,0.1669803410768509,0.14130955934524536,0.11013582348823547,0.27747032046318054,0.3190581500530243,0.2471880316734314,0.08044445514678955,0.08804487437009811,0.5777699947357178,0.8603635430335999,1.1084833145141602,0.6272180676460266,0.3559734523296356,0.060956113040447235,0.24476321041584015,1.4713575839996338,2.7808923721313477,5.445215702056885,7.531929016113281,9.262042045593262
0.0,7.0,0.0,0.0,0.0,0.09903790056705475,2.3472371101379395,3.7900893688201904,3.796738862991333,3.3801558017730713,2.9821574687957764,2.5287671089172363,4.007725238800049,4.442227363586426,2.8789706230163574,4.245317459106445,5.874959468841553,6.046265602111816,3.2452340126037598,0.6793618202209473,0.7361723184585571,4.547042369842529,7.694310188293457,8.622658729553223,7.9418625831604,5.928497791290283,1.3748116493225098,0.1536388397216797,0.0
0.0,8.0,6.310376167297363,6.234339714050293,5.488921642303467,4.973353385925293,6.965272903442383,9.797501564025879,10.415483474731445,9.421870231628418,8.207828521728516,7.569216728210449,9.371832847595215,10.618912696838379,9.798665046691895,10.51961898803711,13.624320030212402,14.386137962341309,10.7831449508667,5.359825134277344,4.438385963439941,10.221355438232422,17.3377628326416,20.53049659729004,19.8743839263916,16.135290145874023,11.293231964111328,9.477531433105469,10.515119552612305
0.0,9.0,-1.6987700462341309,-2.0335726737976074,-2.502708911895752,-2.322613477706909,-1.1748119592666626,-1.4535964727401733,-1.4650062322616577,-0.3645874559879303,-0.4365951120853424,0.07503186911344528,0.27866071462631226,-1.517937421798706,-0.6929758787155151,0.8154694437980652,-1.018628478050232,-1.8677242994308472,-1.0381699800491333,0.46936097741127014,0.4418109059333801,0.18514384329319,-1.6819829940795898,-2.155031681060791,-1.2675565481185913,-0.9203857779502869,0.862061083316803,1.4919301271438599,-1.8206387758255005
1.0,0.0,-0.9212800860404968,-0.8418413400650024,-1.5130391120910645,-6.354241371154785,-12.82380485534668,-15.214910507202148,-14.104792594909668,-12.658063888549805,-10.229159355163574,-12.285884857177734,-15.511992454528809,-14.378006935119629,-13.600458145141602,-18.580211639404297,-21.829587936401367,-18.62233543395996,-9.253497123718262,-3.333533525466919,-9.889591217041016,-22.442485809326172,-29.68877601623535,-30.25283432006836,-26.623741149902344,-17.483932495117188,-5.893902778625488,-1.5442711114883423,-1.5222234725952148
1.0,1.0,-5.342714786529541,-5.234385967254639,-4.530013084411621,-2.968496561050415,-1.2911118268966675,-1.046520471572876,-1.2734507322311401,-1.2684326171875,-1.2764484882354736,-0.9822637438774109,-0.7509360909461975,-1.5536093711853027,-1.5888558626174927,-0.740182101726532,-0.8968728184700012,-2.0640110969543457,-2.8657124042510986,-2.4973533153533936,-1.306788444519043,-0.4425659477710724,-0.6813383102416992,-1.6435810327529907,-3.2326619625091553,-4.839826583862305,-6.226622104644775,-7.5587639808654785,-8.931781768798828
1.0,2.0,0.0,0.0,0.0,0.0,0.0,0.0,0.0,0.0,0.0,0.0,0.0,0.0,0.0,0.0,0.0,0.0,0.0,0.0,0.0,0.0,0.0,0.0,0.0,0.0,0.0,0.0,0.0
1.0,3.0,9.483668327331543,8.54529857635498,6.689491271972656,3.5199902057647705,1.406212568283081,0.8557498455047607,1.4649927616119385,2.6583359241485596,3.1844546794891357,2.219036340713501,2.9978187084198,3.6800904273986816,3.296602487564087,2.457958698272705,2.3106188774108887,7.05100154876709,10.520561218261719,8.812971115112305,4.647812843322754,0.4559916853904724,0.0,3.289377212524414,8.28864574432373,17.0090389251709,18.2847900390625,20.035747528076172,17.374195098876953
1.0,4.0,6.689696788787842,6.935177803039551,6.664443016052246,5.6985321044921875,4.204452037811279,2.7640180587768555,1.239111304283142,0.1646352857351303,0.0,0.24595673382282257,1.0586904287338257,1.5497424602508545,0.8999366760253906,0.9964717030525208,1.7570384740829468,1.2353236675262451,0.3702954947948456,0.6204429268836975,1.9031062126159668,3.412748336791992,3.7590878009796143,2.2623510360717773,0.5042036175727844,0.0,1.0441926717758179,5.023630619049072,9.988415718078613
1.0,5.0,0.0,0.0,0.0,0.2499949187040329,1.5500537157058716,2.409494638442993,0.8649670481681824,0.03745569661259651,-0.02795773558318615,0.008411436341702938,0.9832983613014221,1.6992583274841309,-0.32116177678108215,0.12283416092395782,2.720262050628662,1.4021960496902466,-0.7901703715324402,-2.6985225677490234,-1.0954540967941284,2.855088949203491,4.668015003204346,2.67819881439209,0.7360877990722656,-0.5425565838813782,-2.506103992462158,-3.2430062294006348,-0.3034355342388153
1.0,6.0,-0.8414884209632874,-1.233673334121704,-1.4486331939697266,-1.480954885482788,-0.8976138234138489,-0.25146156549453735,-0.24875487387180328,-0.05494913458824158,0.02894170768558979,-0.08905907720327377,0.09960659593343735,0.030533650889992714,-0.2273639589548111,-0.10985752195119858,0.060827940702438354,0.32731419801712036,0.07076700776815414,-0.19316312670707703,-0.4581356942653656,-0.3521522581577301,-0.011053078807890415,0.08078550547361374,0.843733549118042,0.6074789762496948,0.8164443373680115,0.44974055886268616,-0.9402381777763367
1.0,7.0,0.0,0.0,0.0,0.09424188733100891,2.0968756675720215,0.374918669462204,-1.4241405725479126,-1.6470757722854614,-1.43361234664917,-1.3612562417984009,0.629834771156311,-1.0421483516693115,-3.0186045169830322,0.5226709246635437,0.0549297034740448,-1.9677743911743164,-4.677761554718018,-3.2107832431793213,0.14603044092655182,3.403761386871338,1.1002764701843262,-2.0246024131774902,-3.5908203125,-4.442152976989746,-6.0526123046875,-1.118228793144226,0.0
1.0,8.0,-12.927114486694336,-12.740462303161621,-11.321829795837402,-11.317764282226562,-13.923341751098633,-18.89423370361328,-21.270999908447266,-19.848979949951172,-16.841875076293945,-16.970304489135742,-18.240766525268555,-21.0836124420166,-21.069177627563477,-22.38835334777832,-26.3392333984375,-28.92071533203125,-22.407773971557617,-13.557948112487793,-10.748894691467285,-19.71104621887207,-33.14725112915039,-41.510032653808594,-40.58957290649414,-33.6917839050293,-25.391632080078125,-20.246671676635742,-21.118947982788086
1.0,9.0,5.487344741821289,5.74767541885376,5.860509872436523,4.480147838592529,3.090078115463257,3.303593635559082,2.17525577545166,1.025469183921814,1.0985950231552124,0.41115301847457886,1.3765813112258911,3.0253090858459473,0.8193457722663879,0.9963580965995789,3.038259744644165,3.285991907119751,1.094097375869751,0.31746113300323486,0.8334710001945496,2.5907340049743652,4.7079854011535645,4.160343647003174,2.828543186187744,2.3056507110595703,0.6329103112220764,3.7205543518066406,8.348573684692383
2.0,0.0,-0.16171826422214508,-0.12681591510772705,-0.41542133688926697,-2.5545578002929688,-5.338362693786621,-4.603606224060059,-2.3434524536132812,-1.57620108127594,-1.0322633981704712,-2.0815773010253906,-4.661223888397217,-2.7662270069122314,-1.6740418672561646,-4.696879863739014,-6.315765857696533,-2.75539231300354,1.6905488967895508,3.215327739715576,-2.8631484508514404,-9.547091484069824,-9.802952766418457,-6.450870513916016,-3.695620536804199,0.031394075602293015,4.10325813293457,3.1423490047454834,-0.250946968793869
2.0,1.0,-0.36733072996139526,-0.8824549913406372,-1.4102617502212524,-2.391221523284912,-0.5907620191574097,0.2369121015071869,-0.11631754040718079,-0.12171074002981186,-0.0593518391251564,-0.9122909903526306,0.7815738320350647,0.4817745089530945,-1.182559847831726,-0.4009139835834503,0.9703617095947266,0.9488880634307861,-0.23085807263851166,-1.20970618724823,-1.3721306324005127,0.017613185569643974,0.5040711760520935,1.286198377609253,1.239111065864563,0.9395262598991394,0.5634517669677734,0.7604045271873474,0.22445692121982574
2.0,2.0,0.0,0.0,0.0,0.0,0.0,0.0,0.0,0.0,0.0,0.0,0.0,0.0,0.0,0.0,0.0,0.0,0.0,0.0,0.0,0.0,0.0,0.0,0.0,0.0,0.0,0.0,0.0
2.0,3.0,-2.1033148765563965,-1.6474684476852417,-0.8663299083709717,-0.013032722286880016,0.23178213834762573,-0.39031246304512024,-0.6419112086296082,-0.6802979111671448,-0.9007318019866943,-0.23420047760009766,-0.48424527049064636,-1.6301218271255493,-0.49354133009910583,0.4051385521888733,-1.0538866519927979,-3.1450424194335938,-3.266472339630127,-0.66504967212677,0.5737221240997314,0.07515985518693924,0.0,-1.5003039836883545,-3.679481029510498,-5.63067102432251,-4.497611045837402,-3.2267544269561768,-4.276717662811279
2.0,4.0,2.721890926361084,2.859480142593384,2.6480374336242676,2.38811993598938,1.7591432332992554,1.091910481452942,0.65622878074646,0.099332295358181,0.0,0.2503051161766052,0.2504715919494629,0.5501376986503601,0.628547728061676,0.3197007179260254,0.564365804195404,0.5904027223587036,0.2611994445323944,0.32482340931892395,0.789657711982727,1.2467119693756104,1.3554199934005737,1.085109829902649,0.30421003699302673,0.0,1.0626535415649414,1.6017450094223022,4.02626371383667
2.0,5.0,0.0,0.0,0.0,0.17292551696300507,0.9530749917030334,1.1069705486297607,0.2331606149673462,-0.14744986593723297,-0.16401275992393494,-0.11096934229135513,0.5451210737228394,0.644597053527832,-0.4804631471633911,0.20218652486801147,1.23380446434021,0.42177101969718933,-0.8575770258903503,-1.605159044265747,-0.41110190749168396,1.7304556369781494,2.2355875968933105,1.001862645149231,-0.04975971579551697,-0.6791030168533325,-1.8282995223999023,-1.6047298908233643,-0.14449821412563324
2.0,6.0,-3.894580125808716,-3.699861764907837,-3.125105857849121,-2.0699737071990967,-1.1145044565200806,-0.4559897482395172,-0.2611713409423828,-0.12448052316904068,-0.0911395251750946,-0.10590388625860214,-0.14869719743728638,-0.2208324670791626,-0.24260538816452026,-0.08536827564239502,-0.038282863795757294,-0.2822864353656769,-0.5864879488945007,-0.8159065842628479,-0.5943434238433838,-0.3369534909725189,-0.04949108511209488,-0.1342465728521347,-0.7130642533302307,-1.7456423044204712,-3.4331917762756348,-5.073472499847412,-6.665632724761963
2.0,7.0,0.0,0.0,0.0,-0.05281970277428627,-1.2970309257507324,-3.0459346771240234,-2.668520212173462,-2.0362823009490967,-1.7642407417297363,-1.5138238668441772,-2.234325885772705,-3.313188076019287,-1.9394726753234863,-1.9317103624343872,-4.182254314422607,-4.188720703125,-2.196568727493286,0.36084017157554626,0.19843356311321259,-2.7301859855651855,-5.8654632568359375,-6.061943531036377,-5.094281196594238,-3.58306884765625,-0.6137601733207703,1.2658635377883911,0.0
2.0,8.0,-1.2033154964447021,-1.0662001371383667,-0.6606242060661316,-0.6291646957397461,-2.3302724361419678,-2.790414333343506,-1.7436453104019165,-1.217665433883667,-1.1198137998580933,-1.003784418106079,-2.8075029850006104,-2.1192312240600586,-1.1570494174957275,-2.3552074432373047,-3.9201624393463135,-2.414189577102661,-0.32149261236190796,1.2250914573669434,-1.0440222024917603,-4.571342945098877,-5.599919319152832,-4.213594436645508,-3.0871591567993164,-1.3080705404281616,-0.1493460088968277,-1.5389105081558228,-2.5039122104644775
2.0,9.0,1.73952317237854,2.031020402908325,2.488321304321289,2.1203784942626953,1.1316853761672974,1.4890260696411133,1.265505075454712,0.3555808663368225,0.44755125045776367,-0.1547345519065857,-0.07042726129293442,1.553186297416687,0.37973231077194214,-0.5269712805747986,1.0748382806777954,1.8196498155593872,0.768447756767273,-0.35523009300231934,-0.4171989858150482,0.0662674605846405,1.765987753868103,1.9920586347579956,1.1961772441864014,0.8957601189613342,-0.9928978085517883,-0.8883883357048035,2.032062292098999
3.0,0.0,-0.764078676700592,-0.6953724026679993,-1.3391261100769043,-5.684508800506592,-10.668195724487305,-12.320967674255371,-11.599714279174805,-10.555984497070312,-8.368182182312012,-10.739911079406738,-12.742600440979004,-11.646288871765137,-11.521276473999023,-15.922201156616211,-17.76836395263672,-15.09414291381836,-7.240170478820801,-3.2732365131378174,-9.149544715881348,-18.839641571044922,-24.21828842163086,-24.853008270263672,-21.898279190063477,-14.059883117675781,-4.803406715393066,-1.9364495277404785,-1.267255425453186
3.0,1.0,-0.061305657029151917,0.0069654895924031734,0.3317520022392273,0.560255229473114,1.3653788566589355,-0.16667988896369934,-0.15943284332752228,0.08738968521356583,-0.005719145759940147,-0.06467709690332413,0.7014599442481995,-0.8671761751174927,-0.13897055387496948,0.8336931467056274,-0.020877890288829803,-0.6892204284667969,-0.521699845790863,0.18486031889915466,0.6231772899627686,0.6987693309783936,-0.28849664330482483,-0.2066826969385147,-0.861495316028595,-0.6468891501426697,-0.6075042486190796,-0.3962189555168152,-0.7185181975364685
3.0,2.0,0.0,0.0,0.0,0.0,0.0,0.0,0.0,0.0,0.0,0.0,0.0,0.0,0.0,0.0,0.0,0.0,0.0,0.0,0.0,0.0,0.0,0.0,0.0,0.0,0.0,0.0,0.0
3.0,3.0,10.006514549255371,9.196508407592773,7.410813331604004,4.1602559089660645,1.710026502609253,0.7448588013648987,1.4113397598266602,2.7336177825927734,3.2549397945404053,2.57686448097229,3.100904941558838,3.4539623260498047,3.798680067062378,2.9890036582946777,2.0112009048461914,6.5050249099731445,10.783266067504883,10.182470321655273,5.612990856170654,0.5545092821121216,0.0,2.863128185272217,7.738052845001221,16.841346740722656,19.432708740234375,21.557453155517578,18.112194061279297
3.0,4.0,-3.242393970489502,-3.2284963130950928,-2.3458235263824463,-1.880179762840271,-1.2469090223312378,-0.17145241796970367,-0.230375736951828,-0.047349195927381516,0.0,-1.0898849964141846,-0.48644164204597473,0.08494649082422256,-1.1146129369735718,-0.8847218155860901,-0.11057385057210922,-0.14168311655521393,-0.4843488037586212,-1.1903575658798218,-1.9588552713394165,-1.6749948263168335,-0.3444693088531494,-0.26479262113571167,-0.14500923454761505,0.0,-4.627033233642578,-4.409404277801514,-5.701503276824951
3.0,5.0,0.0,0.0,0.0,-0.0963430181145668,-0.5084206461906433,-1.177014708518982,-3.645346164703369,-4.36844539642334,-3.9038429260253906,-3.464444637298584,-3.347609043121338,-3.104048728942871,-4.59015417098999,-4.9209513664245605,-3.1679375171661377,-5.527654647827148,-6.20415735244751,-5.484983921051025,-2.684250831604004,-0.9177787899971008,-2.42472243309021,-6.884660243988037,-9.04256534576416,-8.938897132873535,-7.046440124511719,-5.261111259460449,-0.469079852104187
3.0,6.0,-3.2402255535125732,-2.692063331604004,-1.6074656248092651,-0.5268868803977966,0.16130651533603668,-0.19831582903862,0.02129385806620121,0.004665306303650141,-0.168035626411438,-0.02504350058734417,-0.18942734599113464,-0.3911232650279999,0.009207312017679214,0.08836886286735535,-0.09028804302215576,-0.616682231426239,-0.9084686040878296,-0.5946054458618164,-0.25938376784324646,0.25266706943511963,-0.08040972799062729,-0.16965563595294952,-1.5519646406173706,-2.956042766571045,-4.34655237197876,-6.571113586425781,-6.237253189086914
3.0,7.0,0.0,0.0,0.0,0.04856929928064346,0.9318823218345642,-3.2586381435394287,-4.682023048400879,-4.078210353851318,-3.5279064178466797,-3.1795105934143066,-1.7053108215332031,-5.073912143707275,-5.570653438568115,-1.3127938508987427,-4.823772430419922,-7.032290935516357,-7.706760406494141,-2.8512508869171143,0.6350216269493103,0.7494802474975586,-5.761968612670898,-9.296098709106445,-9.738578796386719,-8.890137672424316,-7.296385288238525,0.700145423412323,0.0
3.0,8.0,-0.6909677982330322,-1.0627926588058472,-1.565657615661621,0.07388316094875336,1.549646019935608,-0.0859869047999382,-1.8982367515563965,-1.9048235416412354,-2.0934386253356934,-0.09835723787546158,0.5227900743484497,-1.791944980621338,-1.7166353464126587,0.9281712174415588,0.07708700001239777,-3.2162489891052246,-5.555631160736084,-3.3753161430358887,2.262303590774536,4.500926971435547,1.2955750226974487,-2.149912118911743,-4.284302711486816,-5.810636520385742,-3.779813528060913,-0.6748726963996887,-0.3324567675590515
3.0,9.0,0.6483490467071533,0.4093634784221649,-0.14549356698989868,-0.3487086892127991,0.17890650033950806,-0.2125364989042282,-0.45855438709259033,0.08486033231019974,-0.0058021266013383865,0.46080282330513,0.7898122668266296,-0.45278996229171753,0.03175860643386841,1.1754491329193115,0.19709895551204681,-0.6453518867492676,-0.3578144609928131,0.6219457387924194,1.01759934425354,1.259643793106079,0.1700366884469986,-0.3626858592033386,-0.043976861983537674,0.06147938221693039,1.7360635995864868,3.06951642036438,1.7745890617370605
4.0,0.0,-0.27311912178993225,-0.27477261424064636,-0.20284900069236755,0.07259214669466019,-0.48075008392333984,-2.7567384243011475,-4.42302942276001,-4.381104946136475,-3.963482141494751,-3.159393072128296,-2.659816265106201,-4.288941383361816,-4.544633388519287,-3.4558207988739014,-4.170360565185547,-6.425983428955078,-6.717330455780029,-4.5154290199279785,-0.7628424167633057,-0.45004358887672424,-4.325639724731445,-7.997242450714111,-9.120680809020996,-8.935442924499512,-7.3052239418029785,-3.4223508834838867,-0.4637046456336975
4.0,1.0,-1.1583468914031982,-1.0710580348968506,-0.6676883101463318,-0.14354301989078522,0.7585023045539856,-0.3500461280345917,-0.3828689754009247,-0.19837570190429688,-0.2708778381347656,-0.2299496829509735,0.3421404957771301,-0.9833734631538391,-0.40533187985420227,0.47433727979660034,-0.2300117015838623,-0.9710106253623962,-0.9834060668945312,-0.35502663254737854,0.22501039505004883,0.42544621229171753,-0.3709430396556854,-0.5333782434463501,-1.3523062467575073,-1.5226134061813354,-1.774682879447937,-1.9029922485351562,-2.4164676666259766
4.0,2.0,0.0,0.0,0.0,0.0,0.0,0.0,0.0,0.0,0.0,0.0,0.0,0.0,0.0,0.0,0.0,0.0,0.0,0.0,0.0,0.0,0.0,0.0,0.0,0.0,0.0,0.0,0.0
4.0,3.0,5.655400276184082,5.111978530883789,4.382262706756592,2.559286594390869,1.4934810400009155,0.5423114895820618,0.5008152723312378,1.5988389253616333,1.7531979084014893,1.1642088890075684,2.508962869644165,1.544876217842102,1.4401146173477173,2.6104977130889893,1.4643008708953857,3.313868284225464,4.888790130615234,5.53690242767334,4.553889751434326,0.4842901825904846,0.0,2.084566116333008,3.6091437339782715,9.121376037597656,9.182947158813477,13.741487503051758,10.010638236999512
4.0,4.0,3.159778594970703,3.2438466548919678,2.9322926998138428,2.478101968765259,1.794252872467041,1.0213366746902466,0.4969591796398163,0.07022685557603836,0.0,0.35364285111427307,0.49163323640823364,0.527982234954834,0.5927366018295288,0.567362904548645,0.6482359766960144,0.47337454557418823,0.25016966462135315,0.5099988579750061,1.1509041786193848,1.6155108213424683,1.4146748781204224,0.8682634830474854,0.21507319808006287,0.0,1.5013668537139893,2.847851037979126,4.9265007972717285
4.0,5.0,0.0,0.0,0.0,-0.01971699856221676,-0.5646623373031616,-2.4501490592956543,-2.4000775814056396,-1.867161512374878,-1.6300394535064697,-1.4002571105957031,-1.4145863056182861,-2.8799240589141846,-2.269611358642578,-0.8770890831947327,-3.3291914463043213,-3.615283966064453,-2.927548408508301,-0.5390715599060059,0.5986939072608948,-1.1330677270889282,-4.429604530334473,-5.136533737182617,-4.631557941436768,-3.637295961380005,-2.3545241355895996,0.9846810102462769,0.1205751895904541
4.0,6.0,-1.706060767173767,-1.2943288087844849,-0.43680474162101746,0.18799623847007751,0.5860995650291443,-0.032928306609392166,0.10791459679603577,0.06240565702319145,-0.13283021748065948,0.008209199644625187,-0.10497567802667618,-0.31415826082229614,0.08908282965421677,0.12120654433965683,-0.06524989753961563,-0.4575861096382141,-0.6872178912162781,-0.2650817334651947,-0.07937051355838776,0.3899097144603729,-0.06692992895841599,-0.09568894654512405,-1.144610047340393,-2.2277121543884277,-2.7955915927886963,-4.507053852081299,-3.5799918174743652
4.0,7.0,0.0,0.0,0.0,-0.10005595535039902,-2.501762628555298,-7.042675018310547,-11.704424858093262,-12.176111221313477,-10.801261901855469,-9.388941764831543,-9.952221870422363,-11.907231330871582,-12.898801803588867,-12.128412246704102,-13.557900428771973,-18.23781967163086,-16.989425659179688,-10.35964584350586,-3.595425605773926,-5.474348545074463,-14.591899871826172,-24.22347068786621,-27.135860443115234,-24.342933654785156,-16.067447662353516,-6.658017635345459,0.0
4.0,8.0,6.791500568389893,5.8574700355529785,3.6943538188934326,6.388586521148682,12.853036880493164,13.164558410644531,9.512187004089355,7.981988906860352,6.114893913269043,9.327722549438477,13.91055679321289,10.218827247619629,8.762401580810547,15.767287254333496,18.7314395904541,11.939521789550781,1.5792995691299438,-1.3928332328796387,10.472476959228516,24.146329879760742,26.673315048217773,22.496131896972656,16.64850616455078,7.986510753631592,5.653341770172119,10.75330638885498,13.311137199401855
4.0,9.0,8.15404987335205,7.937013149261475,6.536485195159912,5.008049964904785,4.299866676330566,3.1578757762908936,1.9733232259750366,1.48031485080719,1.2373427152633667,2.0783445835113525,3.1168110370635986,2.148660659790039,2.1775918006896973,3.476710796356201,3.934415817260742,2.207345724105835,1.238590955734253,1.7308032512664795,3.7827398777008057,5.725434303283691,5.723259925842285,4.451175212860107,3.4603357315063477,2.9767441749572754,6.1443681716918945,10.932849884033203,14.108469009399414
5.0,0.0,-0.23510095477104187,-0.27002573013305664,0.30807361006736755,3.200486421585083,3.067067861557007,-1.4010775089263916,-4.324501991271973,-4.254095077514648,-4.680285930633545,-0.7125385999679565,-0.6466970443725586,-4.484612464904785,-3.771251916885376,0.5305620431900024,-2.1651456356048584,-7.420319557189941,-11.035374641418457,-6.090052127838135,4.16442346572876,6.57053279876709,-0.2657510042190552,-6.545806407928467,-9.607159614562988,-12.735594749450684,-12.197311401367188,-4.169758319854736,-0.39871925115585327
5.0,1.0,-4.584062099456787,-4.669309139251709,-4.2658562660217285,-3.298469305038452,-1.3028481006622314,-0.7905073165893555,-1.099734902381897,-1.1018539667129517,-1.0857371091842651,-1.1279029846191406,-0.3750244975090027,-1.1182425022125244,-1.724543809890747,-0.7689121961593628,-0.41981786489486694,-1.3894277811050415,-2.4613685607910156,-2.4981465339660645,-1.5670794248580933,-0.37623465061187744,-0.3929179310798645,-0.9329277873039246,-2.26374888420105,-3.7109689712524414,-4.99691915512085,-6.046296119689941,-7.368317604064941
5.0,2.0,0.0,0.0,0.0,0.0,0.0,0.0,0.0,0.0,0.0,0.0,0.0,0.0,0.0,0.0,0.0,0.0,0.0,0.0,0.0,0.0,0.0,0.0,0.0,0.0,0.0,0.0,0.0
5.0,3.0,1.6214592456817627,2.1119656562805176,2.0535728931427,1.7911293506622314,0.4187489151954651,-0.4715616703033447,0.12819203734397888,0.17674380540847778,0.3020915389060974,1.4121596813201904,-0.44475504755973816,-0.30547821521759033,2.2802658081054688,0.7319430708885193,-1.273268461227417,-1.3595677614212036,2.0189411640167236,4.496819019317627,1.6249579191207886,0.1357874572277069,0.0,-1.8126140832901,-0.971626341342926,-0.15767741203308105,5.378640174865723,3.1633307933807373,2.5088436603546143
5.0,4.0,-1.2452046871185303,-1.3982532024383545,-1.2878178358078003,-1.389804720878601,-1.04828941822052,-0.685762882232666,-0.6294434070587158,-0.1059374213218689,0.0,-0.16447915136814117,0.17984460294246674,-0.2901211678981781,-0.5842978358268738,0.0791446641087532,-0.16040422022342682,-0.510276198387146,-0.24057690799236298,-0.08574672788381577,-0.173240527510643,-0.3300384283065796,-0.6348497867584229,-0.9415953755378723,-0.32443854212760925,0.0,-0.6982851028442383,0.4097377061843872,-1.6018215417861938
5.0,5.0,0.0,0.0,0.0,0.02988506481051445,-0.05542970821261406,-0.9870836734771729,-1.4092991352081299,-1.3149093389511108,-1.1651616096496582,-1.0019588470458984,-0.8187962174415588,-1.4845738410949707,-1.6209543943405151,-0.7829042077064514,-1.5466845035552979,-2.1065173149108887,-2.1799280643463135,-1.1623493432998657,-0.045930519700050354,-0.1527012437582016,-1.7449408769607544,-2.8012070655822754,-3.024855375289917,-2.7050888538360596,-2.238206624984741,-0.4015825688838959,-0.0202341191470623
5.0,6.0,0.049751657992601395,0.34350448846817017,0.28588736057281494,0.47653669118881226,-0.0038096364587545395,0.06852293759584427,0.0721159353852272,-0.056220196187496185,0.01322330255061388,0.04259876534342766,-0.13548435270786285,0.07676786184310913,0.07118238508701324,-0.008712721057236195,-0.049429163336753845,-0.22754204273223877,0.09904076904058456,-0.04201116785407066,0.28619706630706787,-0.06807298958301544,0.03742164373397827,-0.10983085632324219,-0.6055863499641418,-0.06910287588834763,-0.92255699634552,-0.08867253363132477,-0.027765193954110146
5.0,7.0,0.0,0.0,0.0,0.03785156458616257,0.7732285261154175,-1.4484682083129883,-2.378048896789551,-2.12613844871521,-1.8395090103149414,-1.66995370388031,-0.665489673614502,-2.502800464630127,-3.0382137298583984,-0.4882863759994507,-2.2087011337280273,-3.542630434036255,-4.284246921539307,-1.797195553779602,0.33634835481643677,0.9013711214065552,-2.4849071502685547,-4.593481063842773,-5.0321149826049805,-4.775367259979248,-4.307152271270752,0.18411219120025635,0.0
5.0,8.0,4.650679588317871,4.084146499633789,2.6042816638946533,3.4876351356506348,8.73657512664795,9.719560623168945,6.662295341491699,5.193314552307129,4.328160285949707,5.246950149536133,9.999309539794922,7.558910369873047,5.377792835235596,9.920835494995117,13.734162330627441,8.787936210632324,1.4430631399154663,-2.4140830039978027,5.622849464416504,16.653644561767578,19.52302360534668,15.781536102294922,11.772161483764648,5.5584211349487305,2.606659173965454,6.7230448722839355,9.305362701416016
5.0,9.0,-9.096051216125488,-9.520609855651855,-9.35379409790039,-7.766058921813965,-5.260488986968994,-5.000792980194092,-3.9799482822418213,-1.7421668767929077,-1.712725043296814,-1.3157474994659424,-1.9170150756835938,-4.38361930847168,-2.622629404067993,-1.2532141208648682,-4.7825846672058105,-5.00618839263916,-2.606301784515381,-0.484872430562973,-1.962540626525879,-4.022552490234375,-7.326932430267334,-7.082016468048096,-4.797826766967773,-3.8426475524902344,-2.7922797203063965,-5.6817779541015625,-13.788568496704102
6.0,0.0,-2.0676045417785645,-1.959202766418457,-2.6857736110687256,-8.737714767456055,-19.743738174438477,-29.5333194732666,-32.360816955566406,-30.08613395690918,-25.54401206970215,-25.983482360839844,-29.609085083007812,-32.48072052001953,-31.793685913085938,-35.86581802368164,-42.91134262084961,-44.42949295043945,-31.780654907226562,-16.804624557495117,-15.825288772583008,-33.40435028076172,-54.67751693725586,-65.3772964477539,-63.17825698852539,-49.65264129638672,-28.36614990234375,-11.186528205871582,-3.447641134262085
6.0,1.0,2.1852059364318848,2.1185779571533203,1.9815276861190796,1.3477323055267334,1.4585939645767212,0.3579863905906677,0.4121769666671753,0.587877094745636,0.5323845744132996,0.24863971769809723,0.9337747097015381,0.10070810467004776,0.41705262660980225,0.8646144270896912,0.499019056558609,0.5105054378509521,0.8138605952262878,1.035248041152954,0.8224273324012756,0.6967440843582153,0.1502612680196762,0.7259566187858582,0.9237720966339111,1.7240959405899048,2.293269634246826,3.0411455631256104,3.3211047649383545
6.0,2.0,0.0,0.0,0.0,0.0,0.0,0.0,0.0,0.0,0.0,0.0,0.0,0.0,0.0,0.0,0.0,0.0,0.0,0.0,0.0,0.0,0.0,0.0,0.0,0.0,0.0,0.0,0.0
6.0,3.0,6.069666385650635,5.734888076782227,4.990280628204346,3.1306488513946533,1.5651607513427734,0.33851101994514465,0.5509595274925232,1.6066093444824219,1.8118462562561035,1.6737065315246582,2.2062108516693115,1.4031726121902466,2.293229579925537,2.7357888221740723,0.9140170812606812,2.712090253829956,5.557053089141846,7.050012111663818,4.917898178100586,0.5075337290763855,0.0,1.3011869192123413,3.169013023376465,8.773155212402344,11.004237174987793,14.35524845123291,10.622788429260254
6.0,4.0,3.0878140926361084,3.170664072036743,3.1568477153778076,2.5910208225250244,1.9179648160934448,1.3361972570419312,0.44473353028297424,0.047706544399261475,0.0,-0.04752201586961746,0.6518153548240662,0.8099125027656555,0.1610235720872879,0.5265713930130005,0.9662560820579529,0.5032058954238892,0.06325805932283401,0.19762307405471802,0.8371923565864563,1.7025141716003418,1.9310545921325684,0.91794753074646,0.146103635430336,0.0,-0.2017515003681183,2.665022373199463,4.62172269821167
6.0,5.0,0.0,0.0,0.0,0.28797590732574463,1.2423802614212036,0.4736761748790741,0.677803099155426,0.936699628829956,0.8190588355064392,0.8099803328514099,1.6698592901229858,0.605866551399231,0.29524990916252136,2.4736974239349365,1.157352089881897,1.1427866220474243,0.20362095534801483,0.461172491312027,1.3883084058761597,2.1741960048675537,1.3613756895065308,1.642982840538025,1.7460353374481201,1.511001467704773,-0.2829926013946533,1.4422427415847778,0.15041646361351013
6.0,6.0,-2.6459996700286865,-2.1830224990844727,-1.192387580871582,-0.30954569578170776,0.3087799847126007,-0.14280137419700623,0.044786952435970306,0.030199406668543816,-0.15386909246444702,-0.016825947910547256,-0.14365814626216888,-0.3641868531703949,0.030619468539953232,0.0992116704583168,-0.07525376975536346,-0.5284464359283447,-0.8235278725624084,-0.46385788917541504,-0.21788427233695984,0.30299079418182373,-0.07771296799182892,-0.13032464683055878,-1.3243814706802368,-2.6402664184570312,-3.6363697052001953,-5.7180938720703125,-5.186376571655273
6.0,7.0,0.0,0.0,0.0,0.1043885201215744,2.4225363731384277,2.7755870819091797,2.0699312686920166,1.684557557106018,1.4927138090133667,1.2098984718322754,2.9928641319274902,2.6701667308807373,0.8150259852409363,3.0998787879943848,4.080520153045654,3.410722494125366,0.42460012435913086,-0.8035573959350586,0.541395366191864,4.444840431213379,5.755753040313721,5.170102119445801,4.076420783996582,2.3526182174682617,-1.4091719388961792,-0.37291181087493896,0.0
6.0,8.0,-19.59817886352539,-19.037948608398438,-16.40686798095703,-17.23495101928711,-22.979942321777344,-29.800268173217773,-31.69668197631836,-29.24062156677246,-24.618526458740234,-25.77320098876953,-29.159622192382812,-31.719552993774414,-31.108793258666992,-35.22673797607422,-41.6650505065918,-42.793006896972656,-30.54697608947754,-17.547941207885742,-17.803083419799805,-34.566280364990234,-53.494625091552734,-63.19569396972656,-59.98200988769531,-47.79392623901367,-35.785579681396484,-30.68146514892578,-32.784088134765625
6.0,9.0,0.9801933169364929,0.9088321924209595,0.9027003645896912,0.17950305342674255,0.37698274850845337,0.6276261210441589,-0.18109701573848724,0.13901133835315704,0.20560868084430695,-0.15454483032226562,0.7693496942520142,0.5858179926872253,-0.7107444405555725,0.9187939167022705,0.6353307366371155,0.4063561260700226,-0.5444450378417969,0.3490389585494995,0.18581677973270416,1.0735557079315186,0.9780197143554688,0.23392458260059357,0.2621963918209076,0.3025621473789215,-0.27381882071495056,2.176042079925537,1.8819891214370728
7.0,0.0,0.1821683794260025,0.14660055935382843,0.49304845929145813,2.7989184856414795,5.15099573135376,4.388212203979492,2.5983099937438965,2.008234977722168,1.2889982461929321,2.8120832443237305,4.593438148498535,2.82087779045105,2.286651134490967,5.292495250701904,6.126994609832764,2.9677767753601074,-1.3017306327819824,-2.1160597801208496,3.6678757667541504,9.323492050170898,9.393160820007324,6.745864391326904,4.29663610458374,0.5003775954246521,-3.2116761207580566,-2.026118755340576,0.291227251291275
7.0,1.0,1.674136757850647,1.806472897529602,1.6817481517791748,1.5132026672363281,0.09082357585430145,0.27104806900024414,0.46162712574005127,0.37334972620010376,0.386411190032959,0.6347984671592712,-0.32378771901130676,0.5779974460601807,0.9323805570602417,0.05641581490635872,-0.09117665141820908,0.4888087809085846,1.086190938949585,1.0839118957519531,0.6470451951026917,-0.13209818303585052,0.11376877129077911,0.07279939204454422,0.7771520018577576,1.265790581703186,1.782727599143982,2.013493061065674,2.7149131298065186
7.0,2.0,0.0,0.0,0.0,0.0,0.0,0.0,0.0,0.0,0.0,0.0,0.0,0.0,0.0,0.0,0.0,0.0,0.0,0.0,0.0,0.0,0.0,0.0,0.0,0.0,0.0,0.0,0.0
7.0,3.0,5.363997936248779,5.371868133544922,4.551290988922119,2.9922544956207275,0.968979001045227,-0.025338908657431602,0.7126048803329468,1.2745548486709595,1.5949944257736206,2.1022403240203857,0.9333252310752869,1.2829790115356445,3.2622013092041016,1.693705677986145,-0.06841784715652466,1.8324575424194336,6.0769500732421875,7.467020511627197,3.3864433765411377,0.3142102360725403,0.0,-0.09739905595779419,2.660461902618408,7.045741558074951,12.134480476379395,11.18742847442627,9.431319236755371
7.0,4.0,-3.0976924896240234,-3.1238741874694824,-2.3944602012634277,-1.9953383207321167,-1.3649808168411255,-0.38416579365730286,-0.3463597297668457,-0.06291043013334274,0.0,-0.900898814201355,-0.4073886275291443,-0.056749388575553894,-1.0214589834213257,-0.7357580065727234,-0.20032954216003418,-0.2565191984176636,-0.4406626522541046,-0.9859129190444946,-1.6711703538894653,-1.5468122959136963,-0.5616950392723083,-0.4751494228839874,-0.19266626238822937,0.0,-3.824705123901367,-3.667296886444092,-5.263279438018799
7.0,5.0,0.0,0.0,0.0,-0.21079838275909424,-1.1780585050582886,-2.1794657707214355,-4.388691425323486,-4.915225982666016,-4.3698906898498535,-3.8943302631378174,-4.154898643493652,-4.076781749725342,-4.9997148513793945,-5.644138813018799,-4.5370354652404785,-6.69305419921875,-6.621776580810547,-5.167334079742432,-2.6725733280181885,-2.1427905559539795,-4.407420635223389,-8.675674438476562,-10.394978523254395,-9.817668914794922,-6.927084922790527,-4.7821149826049805,-0.4225676655769348
7.0,6.0,-6.667596817016602,-6.131377696990967,-5.179951190948486,-3.2339375019073486,-1.9173322916030884,-0.7374544143676758,-0.39961960911750793,-0.2521918714046478,-0.14807374775409698,-0.15303963422775269,-0.3483356237411499,-0.3282736837863922,-0.3683848977088928,-0.15238848328590393,-0.09970536082983017,-0.6417871713638306,-0.9428833723068237,-1.4323309659957886,-0.8271008133888245,-0.6246961951255798,-0.05977865681052208,-0.3059743642807007,-1.6421436071395874,-3.054997444152832,-6.540105819702148,-8.796937942504883,-11.490522384643555
7.0,7.0,0.0,0.0,0.0,0.14198589324951172,3.256898880004883,3.0188074111938477,4.818851470947266,5.520550727844238,4.971033573150635,4.199840545654297,6.37169075012207,4.823873996734619,4.5061354637146,8.225120544433594,6.611331462860107,7.785325050354004,5.423818588256836,4.500513076782227,3.1664927005767822,5.788058280944824,7.075516223907471,10.579750061035156,11.867347717285156,10.105433464050293,4.549457550048828,5.034229278564453,0.0
7.0,8.0,10.278787612915039,9.863762855529785,8.317902565002441,9.377897262573242,12.719785690307617,15.779535293579102,16.382051467895508,15.138710021972656,12.547306060791016,13.934382438659668,15.645401954650879,16.35452651977539,16.247961044311523,19.226436614990234,22.130050659179688,21.866174697875977,14.71462345123291,8.681912422180176,10.401262283325195,19.700298309326172,28.730501174926758,33.103153228759766,30.793256759643555,23.90416717529297,18.28061294555664,16.312469482421875,17.391597747802734
7.0,9.0,-13.729777336120605,-13.707293510437012,-11.534788131713867,-10.122239112854004,-7.703238010406494,-5.356128215789795,-4.853845119476318,-2.607142448425293,-2.089934825897217,-3.9621355533599854,-3.8476357460021973,-3.682288646697998,-5.752942085266113,-3.835529088973999,-6.435642242431641,-4.375614643096924,-3.9791579246520996,-2.081878185272217,-6.082484245300293,-7.95873498916626,-9.388501167297363,-8.90975284576416,-6.495486736297607,-5.32183313369751,-10.924149513244629,-14.188933372497559,-22.64173698425293
8.0,0.0,-0.1629478931427002,-0.18867963552474976,0.16307345032691956,2.1116952896118164,2.7173962593078613,-0.29608404636383057,-2.929880380630493,-3.1341214179992676,-3.287259340286255,-1.0359818935394287,0.06009476259350777,-2.792884588241577,-2.988980293273926,0.16669602692127228,-0.6775450706481934,-4.910921573638916,-7.901414394378662,-5.4745354652404785,2.2066073417663574,5.468276500701904,1.1294009685516357,-4.079276084899902,-6.681168079376221,-9.03051471710205,-9.409186363220215,-4.20640754699707,-0.28420260548591614
8.0,1.0,-6.463103771209717,-6.165035247802734,-5.368418216705322,-3.2016706466674805,-2.700137138366699,-1.2511372566223145,-1.3847240209579468,-1.6196537017822266,-1.5656129121780396,-0.7585915327072144,-1.9810553789138794,-1.3037265539169312,-1.3239409923553467,-1.5704652070999146,-1.5350080728530884,-2.326679229736328,-2.969099283218384,-2.768627643585205,-1.6385363340377808,-1.2515183687210083,-0.793011486530304,-2.427208662033081,-3.7489540576934814,-5.838796138763428,-7.445722579956055,-9.409601211547852,-10.570956230163574
8.0,2.0,0.0,0.0,0.0,0.0,0.0,0.0,0.0,0.0,0.0,0.0,0.0,0.0,0.0,0.0,0.0,0.0,0.0,0.0,0.0,0.0,0.0,0.0,0.0,0.0,0.0,0.0,0.0
8.0,3.0,5.579165458679199,5.266283988952637,4.4536871910095215,2.721646785736084,1.2158704996109009,0.29993921518325806,0.633255660533905,1.4720042943954468,1.7149200439453125,1.5931328535079956,1.7819347381591797,1.5104061365127563,2.287750005722046,2.1252543926239014,0.8098689317703247,2.7947795391082764,5.579458713531494,6.386061668395996,3.9143168926239014,0.39426958560943604,0.0,1.152922511100769,3.365567207336426,8.410285949707031,10.701833724975586,12.584595680236816,9.883264541625977
8.0,4.0,3.25754714012146,3.3675765991210938,3.052192449569702,2.6372334957122803,1.9181435108184814,1.1120637655258179,0.5962927341461182,0.0873948335647583,0.0,0.3648689389228821,0.43610408902168274,0.5637423992156982,0.6744706630706787,0.5256398916244507,0.6536837220191956,0.5515379309654236,0.28343665599823,0.4998146593570709,1.1285607814788818,1.6072429418563843,1.4799400568008423,1.0126713514328003,0.2676509618759155,0.0,1.5490264892578125,2.6362521648406982,5.0105438232421875
8.0,5.0,0.0,0.0,0.0,0.4790166914463043,2.223625898361206,1.0041182041168213,-1.1980032920837402,-1.7240335941314697,-1.596705436706543,-1.2772308588027954,0.5521561503410339,-0.520476758480072,-3.0104987621307373,0.21248432993888855,0.740825891494751,-1.6020580530166626,-4.529599189758301,-4.534028053283691,-0.37752363085746765,3.9388504028320312,2.5034825801849365,-1.2255460023880005,-3.5440280437469482,-4.426876544952393,-6.675051689147949,-3.1678359508514404,-0.25666120648384094
8.0,6.0,-2.4706828594207764,-2.7299487590789795,-2.6308069229125977,-2.1940505504608154,-1.2305964231491089,-0.4191395938396454,-0.32779720425605774,-0.09455148130655289,-0.020324593409895897,-0.12505517899990082,0.02743917517364025,-0.08625330775976181,-0.30202582478523254,-0.12615834176540375,0.03695477172732353,0.15919774770736694,-0.2248741090297699,-0.524875819683075,-0.6740690469741821,-0.4287482500076294,-0.036057472229003906,0.01597173698246479,0.41934943199157715,-0.30843257904052734,-0.8158882260322571,-1.9629334211349487,-3.815001964569092
8.0,7.0,0.0,0.0,0.0,-0.05298236757516861,-1.221660852432251,-1.3283244371414185,-3.2476322650909424,-3.9212987422943115,-3.5269203186035156,-3.0277976989746094,-3.6627211570739746,-2.99405574798584,-3.733332872390747,-5.011985778808594,-3.6532435417175293,-5.153801918029785,-4.885364532470703,-4.2368879318237305,-2.129067897796631,-2.202651023864746,-3.2795372009277344,-6.705740451812744,-8.309853553771973,-7.70484733581543,-5.077634811401367,-4.039114952087402,0.0
8.0,8.0,4.088813781738281,4.1510233879089355,3.7696661949157715,2.558100700378418,4.0737080574035645,6.621273517608643,6.972751140594482,6.08405065536499,5.612758636474609,4.061499118804932,6.103250026702881,7.341891288757324,6.06862735748291,5.906668186187744,9.12784194946289,9.989192008972168,7.968496322631836,3.0354740619659424,1.4284862279891968,5.728714466094971,11.474139213562012,13.522648811340332,13.474689483642578,11.208234786987305,6.960782051086426,5.6756510734558105,6.791670799255371
8.0,9.0,2.751469612121582,3.0731940269470215,3.3200900554656982,3.095670461654663,1.77099609375,1.7958441972732544,1.8438037633895874,0.5670047402381897,0.5813127160072327,0.30448272824287415,0.007070594467222691,1.7090272903442383,1.2498650550842285,-0.5167240500450134,1.481887936592102,2.1209418773651123,1.3981491327285767,-0.290424644947052,0.11540010571479797,0.4374423325061798,2.3418259620666504,2.8216586112976074,1.7607955932617188,1.3219952583312988,0.20461975038051605,-0.34515097737312317,3.5831947326660156
9.0,0.0,-0.00642241770401597,0.00459096347913146,-0.12256700545549393,-0.890807569026947,-1.4074898958206177,-0.7463653087615967,0.01455391850322485,0.1498960703611374,0.3170512914657593,-0.37394979596138,-0.8525833487510681,-0.04045453667640686,0.06500454992055893,-1.0313329696655273,-1.001930594444275,0.2900218665599823,1.582857608795166,1.2805014848709106,-1.0938894748687744,-2.6478724479675293,-1.9039708375930786,-0.552657425403595,0.33196768164634705,1.4389358758926392,2.1702423095703125,1.044568419456482,-0.006544732954353094
9.0,1.0,-0.2852752208709717,0.1319897174835205,0.7591513991355896,1.7391992807388306,1.0623869895935059,-0.3634437322616577,-0.1284225881099701,0.0139900092035532,-0.08349308371543884,0.5222386717796326,-0.239179328083992,-0.9793062210083008,0.6157586574554443,0.6820884346961975,-0.7923933267593384,-1.2631464004516602,-0.402243971824646,0.7289543747901917,1.2048954963684082,0.335713654756546,-0.5876594185829163,-1.1941826343536377,-1.679619312286377,-1.4997470378875732,-1.3419556617736816,-1.4928430318832397,-1.4216340780258179
9.0,2.0,0.0,0.0,0.0,0.0,0.0,0.0,0.0,0.0,0.0,0.0,0.0,0.0,0.0,0.0,0.0,0.0,0.0,0.0,0.0,0.0,0.0,0.0,0.0,0.0,0.0,0.0,0.0
9.0,3.0,1.0536820888519287,1.195306658744812,1.1883394718170166,0.9582197666168213,0.40165483951568604,-0.12535442411899567,0.015359795652329922,0.19604229927062988,0.22399823367595673,0.5860940217971802,0.17540742456912994,-0.11566773056983948,0.8591184020042419,0.7020638585090637,-0.3384707570075989,-0.4119502305984497,0.8714640140533447,2.1653249263763428,1.3122467994689941,0.13024437427520752,0.0,-0.48184406757354736,-0.3302322328090668,0.47292089462280273,2.395991086959839,2.619743824005127,1.6632601022720337
9.0,4.0,4.887829780578613,4.903007984161377,4.085772514343262,3.25166392326355,2.2676711082458496,0.9339773654937744,0.40175220370292664,0.05746432766318321,0.0,0.9607778787612915,0.9251472353935242,0.4114217162132263,1.0488024950027466,1.1966917514801025,0.7227145433425903,0.37905147671699524,0.4536302089691162,1.2333638668060303,2.367063045501709,2.652902603149414,1.5040283203125,0.6954858899116516,0.17598731815814972,0.0,4.078917503356934,5.994200706481934,8.158245086669922
9.0,5.0,0.0,0.0,0.0,0.05446106195449829,0.3617349863052368,1.029647946357727,2.369382381439209,2.6787357330322266,2.387808084487915,2.111323118209839,2.0458643436431885,2.1500918865203857,2.8666255474090576,2.8165619373321533,2.2537753582000732,3.588491201400757,3.8532536029815674,3.080223321914673,1.3652980327606201,0.6713473796844482,2.021367311477661,4.56898832321167,5.667404651641846,5.454089641571045,4.224740505218506,2.7117159366607666,0.23647649586200714
9.0,6.0,-7.449621677398682,-6.885627269744873,-5.723350524902344,-3.58208966255188,-1.985658884048462,-0.8175885081291199,-0.43396443128585815,-0.2494264543056488,-0.18185634911060333,-0.17458705604076385,-0.35716375708580017,-0.4177227318286896,-0.4026806652545929,-0.14519333839416504,-0.1045612320303917,-0.7008397579193115,-1.1392834186553955,-1.5729259252548218,-0.9749179482460022,-0.6022771000862122,-0.08325739949941635,-0.3164975941181183,-1.7837390899658203,-3.5947208404541016,-7.224614143371582,-10.109042167663574,-12.900416374206543
9.0,7.0,0.0,0.0,0.0,0.11474096029996872,2.7912540435791016,5.889349460601807,2.357232093811035,0.16405706107616425,0.015918413177132607,-0.049170393496751785,1.9299044609069824,4.253903388977051,-0.5212754607200623,-0.0964663028717041,6.131509780883789,3.772146224975586,-1.8048834800720215,-6.359102725982666,-2.410679340362549,5.753190994262695,10.831914901733398,6.560501575469971,2.085155963897705,-1.199753999710083,-6.257101535797119,-7.264048099517822,0.0
9.0,8.0,-4.818728923797607,-4.204651832580566,-3.0443637371063232,-6.528911590576172,-7.798449993133545,-6.798321723937988,-6.838274002075195,-6.964779376983643,-4.731482982635498,-9.226139068603516,-7.588038444519043,-6.141620635986328,-8.315231323242188,-12.208105087280273,-9.824416160583496,-7.88026237487793,-2.9750936031341553,-4.760803699493408,-9.834589004516602,-13.174546241760254,-13.461101531982422,-14.880646705627441,-12.173018455505371,-8.042094230651855,-9.073025703430176,-9.125229835510254,-8.40091323852539
9.0,9.0,3.6188976764678955,3.6373860836029053,2.8693809509277344,3.011127471923828,2.151378631591797,1.1317516565322876,1.6298781633377075,0.7219460606575012,0.4868447780609131,1.460774540901184,0.6800860166549683,0.5998018980026245,2.4435977935791016,0.6054244041442871,1.529347538948059,0.9455578327178955,1.67890465259552,0.45474520325660706,1.9254816770553589,1.795615792274475,2.169581651687622,2.576930046081543,1.832830548286438,1.440859079360962,3.9662256240844727,3.099050760269165,5.845085620880127
